{
  "model": "ExtraTreesClassifier",
  "label_col": "label",
  "et_params": {
    "n_estimators": 600,
    "max_depth": null,
    "min_samples_split": 2,
    "min_samples_leaf": 1,
    "max_features": "sqrt",
    "bootstrap": false,
    "n_jobs": -1,
    "random_state": 42,
    "class_weight": "balanced",
    "verbose": 0
  },
  "n_features": 12,
  "metrics": {
    "threshold": 0.85,
    "TP": 7852,
    "TN": 407134,
    "FP": 0,
    "FN": 66,
    "accuracy": 0.9998409837803456,
    "precision": 1.0,
    "recall": 0.9916645617580196,
    "f1": 0.9958148383005707,
    "error_rate": 0.0001590162196544176,
    "roc_auc": 0.9999999990693885,
    "pr_auc": 0.9999999521571392
  }
}