{
  "config": {
    "train_csv": "C:\\Users\\Melisa\\Desktop\\Enerji_QML\\data\\processed\\train_labeled_full.csv",
    "test_csv": "C:\\Users\\Melisa\\Desktop\\Enerji_QML\\data\\processed\\test_labeled_full.csv",
    "val_ratio_within_train": 0.2,
    "epochs": 20,
    "batch_size": 2048,
    "learning_rate": 0.001,
    "seed": 42,
    "shuffle_train": false
  },
  "class_weight": {
    "0": 0.5336306240211626,
    "1": 7.9337008984039
  },
  "best_threshold_val_f1": 0.7500000000000001,
  "val_metrics": {
    "roc_auc": 0.9198650849152006,
    "pr_auc": 0.48971325948033817
  },
  "test_metrics": {
    "tp": 4417,
    "tn": 397849,
    "fp": 9285,
    "fn": 3501,
    "accuracy": 0.9691942214469512,
    "precision": 0.3223616990220406,
    "recall": 0.5578428896185905,
    "f1": 0.4086031452358927,
    "error_rate": 0.030805778553048776,
    "roc_auc": 0.9497712948256901,
    "pr_auc": 0.4383241611230065
  },
  "threshold_scan_val": [
    [
      0.05,
      14990,
      115522,
      201514,
      16,
      0.393058709440372,
      0.06923659609060341,
      0.9989337598294016,
      0.12949764589002635,
      0.606941290559628
    ],
    [
      0.1,
      14958,
      155661,
      161375,
      48,
      0.5138476457797507,
      0.08482813767133775,
      0.9968012794882047,
      0.15635077009914342,
      0.48615235422024927
    ],
    [
      0.15000000000000002,
      14874,
      181899,
      135137,
      132,
      0.5926147896952795,
      0.09915272879988801,
      0.991203518592563,
      0.18027233557754654,
      0.40738521030472047
    ],
    [
      0.2,
      14417,
      206319,
      110717,
      589,
      0.6647833707783956,
      0.11521249220835264,
      0.9607490337198454,
      0.20575139146567717,
      0.3352166292216045
    ],
    [
      0.25,
      13637,
      226072,
      90964,
      1369,
      0.7219237325398594,
      0.13037160256594105,
      0.9087698254031721,
      0.2280301320156847,
      0.2780762674601406
    ],
    [
      0.3,
      13075,
      239779,
      77257,
      1931,
      0.7615120978671372,
      0.1447438338573263,
      0.8713181394109023,
      0.2482484953198276,
      0.23848790213286272
    ],
    [
      0.35000000000000003,
      12713,
      250530,
      66506,
      2293,
      0.7928003083947212,
      0.16047917797498076,
      0.8471944555511128,
      0.2698434598036614,
      0.20719969160527885
    ],
    [
      0.4,
      12435,
      259723,
      57313,
      2571,
      0.8196493214713801,
      0.17828468199805012,
      0.8286685325869653,
      0.29343747787715035,
      0.18035067852861988
    ],
    [
      0.45,
      12184,
      268360,
      48676,
      2822,
      0.8449051625999121,
      0.20019717384160368,
      0.8119418899107024,
      0.32119790156328265,
      0.15509483740008795
    ],
    [
      0.5,
      11871,
      275718,
      41318,
      3135,
      0.86612235801495,
      0.22318524506946924,
      0.7910835665733706,
      0.3481486912530244,
      0.1338776419850501
    ],
    [
      0.55,
      11489,
      282999,
      34037,
      3517,
      0.8868998500189735,
      0.25236128805517727,
      0.7656270825003332,
      0.37960087226590894,
      0.1131001499810265
    ],
    [
      0.6000000000000001,
      10981,
      289636,
      27400,
      4025,
      0.9053583582799767,
      0.2861051040879602,
      0.7317739570838331,
      0.4113735553599191,
      0.09464164172002337
    ],
    [
      0.6500000000000001,
      10305,
      295381,
      21655,
      4701,
      0.9206244993103282,
      0.3224342928660826,
      0.6867253098760496,
      0.43882808840437765,
      0.0793755006896718
    ],
    [
      0.7000000000000001,
      9277,
      300852,
      16184,
      5729,
      0.9340053366742761,
      0.3643611798436825,
      0.6182193789151006,
      0.4584970469765488,
      0.06599466332572386
    ],
    [
      0.7500000000000001,
      7954,
      306144,
      10892,
      7052,
      0.9459586437860271,
      0.4220524249177544,
      0.5300546448087432,
      0.46992792154082474,
      0.05404135621397293
    ],
    [
      0.8,
      6382,
      310283,
      6753,
      8624,
      0.9536895934851615,
      0.4858774267224971,
      0.4252965480474477,
      0.45357307842649514,
      0.04631040651483848
    ],
    [
      0.8500000000000001,
      4860,
      313258,
      3778,
      10146,
      0.9580655459249131,
      0.5626302384811299,
      0.32387045181927226,
      0.4110979529690408,
      0.041934454075086884
    ],
    [
      0.9000000000000001,
      3513,
      315747,
      1289,
      11493,
      0.9615048698658604,
      0.731570179092045,
      0.2341063574570172,
      0.35470516962843296,
      0.03849513013413966
    ],
    [
      0.9500000000000001,
      1737,
      316916,
      120,
      13269,
      0.9596767878762326,
      0.9353796445880452,
      0.11575369852059177,
      0.2060131649172745,
      0.04032321212376747
    ]
  ]
}