{
  "feature_cols": [
    "Global_active_power",
    "Global_reactive_power",
    "Voltage",
    "Global_intensity",
    "Sub_metering_1",
    "Sub_metering_2",
    "Sub_metering_3"
  ],
  "mins": [
    0.07599999755620956,
    0.0,
    223.1999969482422,
    0.20000000298023224,
    0.0,
    0.0,
    0.0
  ],
  "maxs": [
    11.121999740600586,
    1.3899999856948853,
    253.94000244140625,
    48.400001525878906,
    82.0,
    78.0,
    31.0
  ],
  "eps": 1e-09
}