{
  "config": {
    "train_csv": "C:\\Users\\Melisa\\Desktop\\Enerji_QML\\data\\processed\\train_labeled_full.csv",
    "test_csv": "C:\\Users\\Melisa\\Desktop\\Enerji_QML\\data\\processed\\test_labeled_full.csv",
    "val_ratio_within_train": 0.2,
    "lookback": 60,
    "epochs": 20,
    "batch_size": 2048,
    "learning_rate": 0.001,
    "seed": 42,
    "shuffle_train_windows": true
  },
  "class_weight": {
    "0": 0.5336262150277721,
    "1": 7.9346755884813
  },
  "best_threshold_val_f1": 0.9500000000000001,
  "val_metrics": {
    "roc_auc": 0.9973983352256841,
    "pr_auc": 0.9696194225406094
  },
  "test_metrics": {
    "tp": 7192,
    "tn": 406578,
    "fp": 437,
    "fn": 726,
    "accuracy": 0.9971971378511711,
    "precision": 0.9427185738628916,
    "recall": 0.9083101793382167,
    "f1": 0.9251945712999292,
    "error_rate": 0.002802862148828847,
    "roc_auc": 0.9993148807437209,
    "pr_auc": 0.9779172981367596
  },
  "threshold_scan_val": [
    [
      0.05,
      14973,
      278969,
      37948,
      33,
      0.8855728587654366,
      0.28293116154267683,
      0.9978008796481408,
      0.4408556244203336,
      0.11442714123456343
    ],
    [
      0.1,
      14967,
      288229,
      28688,
      39,
      0.9134528188766672,
      0.34284732562134923,
      0.9974010395841664,
      0.5102879255382622,
      0.08654718112333282
    ],
    [
      0.15000000000000002,
      14957,
      292767,
      24150,
      49,
      0.9270945369859878,
      0.3824634975835528,
      0.9967346394775423,
      0.5528061648772015,
      0.07290546301401228
    ],
    [
      0.2,
      14949,
      295804,
      21113,
      57,
      0.9362201474438349,
      0.4145360767566968,
      0.9962015193922431,
      0.5854546878671575,
      0.06377985255616514
    ],
    [
      0.25,
      14936,
      298190,
      18727,
      70,
      0.9433693959141126,
      0.44369188723524344,
      0.9953351992536319,
      0.6137787914278082,
      0.05663060408588739
    ],
    [
      0.3,
      14922,
      300176,
      16741,
      84,
      0.9493105328645499,
      0.47127562138773965,
      0.9944022391043582,
      0.6394823115987058,
      0.05068946713545009
    ],
    [
      0.35000000000000003,
      14906,
      301850,
      15067,
      100,
      0.9543056672782543,
      0.4973142494912088,
      0.9933359989337598,
      0.6627981947130883,
      0.04569433272174571
    ],
    [
      0.4,
      14892,
      303325,
      13592,
      114,
      0.9587072905463014,
      0.5228198286757478,
      0.9924030387844862,
      0.6848470912853529,
      0.041292709453698596
    ],
    [
      0.45,
      14878,
      304657,
      12260,
      128,
      0.9626780910030338,
      0.5482349473063601,
      0.9914700786352125,
      0.7060554290053151,
      0.03732190899696616
    ],
    [
      0.5,
      14850,
      305926,
      10991,
      156,
      0.9664169099459814,
      0.574668162996788,
      0.9896041583366654,
      0.7271035816583837,
      0.03358309005401855
    ],
    [
      0.55,
      14824,
      307122,
      9795,
      182,
      0.9699418238567379,
      0.6021365611925749,
      0.9878715180594428,
      0.7482145110410094,
      0.03005817614326214
    ],
    [
      0.6000000000000001,
      14784,
      308283,
      8634,
      222,
      0.973319113167813,
      0.6313092492954138,
      0.9852059176329468,
      0.7695190505933791,
      0.026680886832186983
    ],
    [
      0.6500000000000001,
      14741,
      309361,
      7556,
      265,
      0.976437306242713,
      0.6611203300892496,
      0.9823403971744635,
      0.7903385786665952,
      0.023562693757287083
    ],
    [
      0.7000000000000001,
      14667,
      310468,
      6449,
      339,
      0.9795494738237482,
      0.6945917787459747,
      0.9774090363854459,
      0.8120812801063064,
      0.02045052617625172
    ],
    [
      0.7500000000000001,
      14580,
      311610,
      5307,
      426,
      0.9827279218372936,
      0.7331422537335948,
      0.9716113554578168,
      0.8356977044106267,
      0.01727207816270641
    ],
    [
      0.8,
      14465,
      312715,
      4202,
      541,
      0.9857105413002413,
      0.774896876841485,
      0.9639477542316407,
      0.8591453092982508,
      0.01428945869975868
    ],
    [
      0.8500000000000001,
      14286,
      313727,
      3190,
      720,
      0.9882201594948226,
      0.817463950560769,
      0.9520191923230708,
      0.8796256388153438,
      0.011779840505177405
    ],
    [
      0.9000000000000001,
      13995,
      314766,
      2151,
      1011,
      0.9904736942001608,
      0.866778149386845,
      0.9326269492203119,
      0.898497688751926,
      0.009526305799839119
    ],
    [
      0.9500000000000001,
      13339,
      315792,
      1125,
      1667,
      0.9915884105651009,
      0.9222206858407079,
      0.8889111022257764,
      0.905259586019681,
      0.008411589434899058
    ]
  ]
}