{
  "model": "RandomForestClassifier",
  "label_col": "label",
  "rf_params": {
    "n_estimators": 400,
    "max_depth": null,
    "min_samples_split": 2,
    "min_samples_leaf": 1,
    "max_features": "sqrt",
    "bootstrap": true,
    "n_jobs": -1,
    "random_state": 42,
    "class_weight": "balanced_subsample"
  },
  "n_features": 12,
  "metrics": {
    "threshold": 0.85,
    "TP": 7913,
    "TN": 407134,
    "FP": 0,
    "FN": 5,
    "accuracy": 0.9999879533166929,
    "precision": 1.0,
    "recall": 0.9993685274059105,
    "f1": 0.9996841639820605,
    "error_rate": 1.2046683307120887e-05,
    "roc_auc": 0.9999999993795924,
    "pr_auc": 0.9999999681074447
  }
}