{
  "model": "LogisticRegression",
  "label_col": "label",
  "lr_params": {
    "penalty": "l2",
    "C": 1.0,
    "solver": "saga",
    "max_iter": 5000,
    "n_jobs": -1,
    "class_weight": "balanced",
    "random_state": 42
  },
  "n_features": 12,
  "metrics": {
    "threshold": 0.85,
    "TP": 7888,
    "TN": 406807,
    "FP": 327,
    "FN": 30,
    "accuracy": 0.9991398668118694,
    "precision": 0.9601947656725502,
    "recall": 0.9962111644354635,
    "f1": 0.9778714436248683,
    "error_rate": 0.0008601331881306074,
    "roc_auc": 0.999960501283305,
    "pr_auc": 0.9977746412075907
  },
  "scaler": {
    "type": "StandardScaler",
    "fit_on": "train_only"
  }
}