{
  "feature_cols": [
    "Global_active_power",
    "Global_reactive_power",
    "Voltage",
    "Global_intensity",
    "Sub_metering_1",
    "Sub_metering_2",
    "Sub_metering_3"
  ],
  "mins": [
    0.07599999755620956,
    0.0,
    223.1999969482422,
    0.20000000298023224,
    0.0,
    0.0,
    0.0
  ],
  "maxs": [
    11.121999740600586,
    1.3899999856948853,
    253.94000244140625,
    48.400001525878906,
    82.0,
    78.0,
    31.0
  ],
  "eps": 1e-09,
  "lookback": 60,
  "center_c": [
    0.2112463116645813,
    -0.11522982269525528,
    -0.1471986621618271,
    -0.24398617446422577,
    -0.12959672510623932,
    -0.1902855634689331,
    0.08881055563688278,
    0.0013970125000923872,
    0.10485959053039551,
    0.07263478636741638,
    0.033616967499256134,
    0.2911456525325775,
    0.028330564498901367,
    -0.14094038307666779,
    -0.2324989289045334,
    -0.06100739538669586,
    -0.05589460954070091,
    0.18155992031097412,
    0.1939224749803543,
    0.0962013527750969,
    0.11703608185052872,
    0.03733290731906891,
    -0.08688002824783325,
    -0.012011920101940632,
    0.1690024435520172,
    0.13060642778873444,
    -0.18413573503494263,
    0.14209403097629547,
    -0.14957347512245178,
    0.04597504436969757,
    0.050579413771629333,
    -0.07423679530620575
  ],
  "ae_pretrain": true,
  "score_norm": {
    "method": "robust_minmax_on_VAL_scores",
    "q_low": 0.001,
    "q_high": 0.999,
    "lo": 1.9808900105999783e-05,
    "hi": 0.09681802988052368,
    "inverted": true
  },
  "threshold_01": 0.99,
  "threshold_selected_by": "F0.5 on VAL (score01)"
}