{
  "feature_cols": [
    "Global_active_power",
    "Global_reactive_power",
    "Voltage",
    "Global_intensity",
    "Sub_metering_1",
    "Sub_metering_2",
    "Sub_metering_3"
  ],
  "mins": [
    0.07599999755620956,
    0.0,
    223.1999969482422,
    0.20000000298023224,
    0.0,
    0.0,
    0.0
  ],
  "maxs": [
    11.121999740600586,
    1.3899999856948853,
    253.94000244140625,
    48.400001525878906,
    82.0,
    78.0,
    31.0
  ],
  "eps": 1e-09,
  "lookback": 60,
  "center_c": [
    -0.015380161814391613,
    -0.03162331134080887,
    0.15074804425239563,
    -0.08027032762765884,
    0.1651586890220642,
    0.10499054193496704,
    0.04375594109296799,
    0.002440395299345255,
    -0.16384145617485046,
    0.07199861854314804,
    -0.1451125144958496,
    0.1166401207447052,
    -0.22148486971855164,
    0.1691616028547287,
    -0.03257551044225693,
    0.002569569041952491,
    0.09062578529119492,
    -0.07509161531925201,
    -0.010284662246704102,
    0.1292521059513092,
    -0.23700858652591705,
    -0.016661595553159714,
    -0.10567549616098404,
    0.06266436725854874,
    0.1794811487197876,
    0.041721366345882416,
    -0.25990960001945496,
    -0.15447857975959778,
    -0.10875967144966125,
    0.06333763152360916,
    -0.10163417458534241,
    0.03539464250206947
  ],
  "ae_pretrain": true
}