{
  "model": "VQC",
  "random_state": 42,
  "n_train_total": 800,
  "n_train_used": 640,
  "n_val": 160,
  "n_test": 3000,
  "n_features_after_pca": 8,
  "best_threshold_by_f1_on_val": 0.4838079804012523,
  "train_time_s": 4081.0596928596497,
  "metrics": {
    "accuracy": 0.8603333333333333,
    "precision": 0.06293706293706294,
    "recall": 0.6136363636363636,
    "f1": 0.11416490486257928,
    "error_rate": 0.13966666666666666,
    "roc_auc": 0.8438768606224628,
    "avg_precision": 0.09033940471309226
  },
  "confusion_matrix": [
    [
      2554,
      402
    ],
    [
      17,
      27
    ]
  ],
  "loss_history": []
}