{
  "config": {
    "train_csv": "C:\\Users\\Melisa\\Desktop\\Enerji_QML\\data\\processed\\train_labeled_full.csv",
    "test_csv": "C:\\Users\\Melisa\\Desktop\\Enerji_QML\\data\\processed\\test_labeled_full.csv",
    "val_ratio_within_train": 0.2,
    "lookback": 60,
    "epochs": 20,
    "batch_size": 2048,
    "learning_rate": 0.001,
    "seed": 42,
    "shuffle_train_windows": true,
    "threshold_scan": {
      "method": "linspace(percentile 1..99 of val reconstruction scores)",
      "n_thresh": 60
    },
    "training_note": "Autoencoder trained on normal windows only (label==0 on last timestep)."
  },
  "best_threshold_val_f1": 0.003685340518131852,
  "val_metrics": {
    "roc_auc": 0.8759920683396742,
    "pr_auc": 0.39914003469255055
  },
  "test_metrics": {
    "tp": 4189,
    "tn": 398846,
    "fp": 8169,
    "fn": 3729,
    "accuracy": 0.971325491103383,
    "precision": 0.33897070723418027,
    "recall": 0.5290477393281131,
    "f1": 0.41319786940224895,
    "error_rate": 0.028674508896617046,
    "roc_auc": 0.9520633781061104,
    "pr_auc": 0.384480579578629
  },
  "val_score_summary": {
    "p50": 0.0005219592712819576,
    "p90": 0.0022973346058279276,
    "p95": 0.0035584084689617157,
    "p99": 0.007869385182857513
  },
  "threshold_scan_val": [
    [
      0.00015505256305914372,
      15006,
      3320,
      313597,
      0,
      0.05521160028078802,
      0.04566604687114847,
      1.0,
      0.0873434630641223,
      0.944788399719212
    ],
    [
      0.0002858039806596935,
      14820,
      59364,
      257553,
      186,
      0.22349761842355004,
      0.054410679472634955,
      0.9876049580167933,
      0.10313906026536386,
      0.7765023815764499
    ],
    [
      0.000416555383708328,
      14166,
      128352,
      188565,
      840,
      0.429370667293318,
      0.06987584533199165,
      0.9440223910435825,
      0.13012028272640846,
      0.5706293327066819
    ],
    [
      0.0005473067867569625,
      13776,
      171274,
      145643,
      1230,
      0.5575088198166442,
      0.0864137900752106,
      0.9180327868852459,
      0.15795900816970043,
      0.44249118018335576
    ],
    [
      0.0006780581898055971,
      13426,
      196453,
      120464,
      1580,
      0.6323123133979869,
      0.10027634625438793,
      0.8947087831534053,
      0.18034064044702341,
      0.3676876866020131
    ],
    [
      0.0008088095928542316,
      13149,
      214733,
      102184,
      1857,
      0.6865507964196516,
      0.11400900002601164,
      0.87624950019992,
      0.20176616361948457,
      0.31344920358034845
    ],
    [
      0.0009395609959028661,
      12830,
      229686,
      87231,
      2176,
      0.7306393350264971,
      0.1282217847113261,
      0.8549913367986138,
      0.22300051274474872,
      0.2693606649735029
    ],
    [
      0.0010703123407438397,
      12531,
      241809,
      75108,
      2475,
      0.7662620547536627,
      0.14298428781706773,
      0.8350659736105558,
      0.24416191728773928,
      0.23373794524633726
    ],
    [
      0.0012010637437924743,
      12201,
      251668,
      65249,
      2805,
      0.7949705202712677,
      0.1575338928340865,
      0.8130747700919632,
      0.26393095093882496,
      0.20502947972873226
    ],
    [
      0.0013318151468411088,
      11845,
      259946,
      56971,
      3161,
      0.8188375014687141,
      0.17212566844919786,
      0.7893509262961482,
      0.2826227004843597,
      0.18116249853128588
    ],
    [
      0.0014625665498897433,
      11530,
      266911,
      50006,
      3476,
      0.8388722685683125,
      0.187369994799792,
      0.7683593229374917,
      0.3012725039847404,
      0.16112773143168746
    ],
    [
      0.0015933179529383779,
      11188,
      272809,
      44108,
      3818,
      0.8556110905240071,
      0.2023292824074074,
      0.7455684392909503,
      0.31828397485135557,
      0.14438890947599292
    ],
    [
      0.0017240693559870124,
      10873,
      277684,
      39233,
      4133,
      0.8693492165351603,
      0.2169999600846206,
      0.7245768359322937,
      0.33397837572183314,
      0.13065078346483974
    ],
    [
      0.001854820759035647,
      10542,
      282042,
      34875,
      4464,
      0.8814815484314134,
      0.23211572759099017,
      0.7025189924030388,
      0.3489399731890174,
      0.11851845156858669
    ],
    [
      0.0019855722784996033,
      10182,
      286006,
      30911,
      4824,
      0.892339488375316,
      0.2477794271530431,
      0.6785285885645742,
      0.36300112301467047,
      0.10766051162468404
    ],
    [
      0.002116323681548238,
      9877,
      289573,
      27344,
      5129,
      0.9021670688683822,
      0.26536095215066763,
      0.6582033853125416,
      0.37823348076665325,
      0.09783293113161788
    ],
    [
      0.0022470750845968723,
      9599,
      292274,
      24643,
      5407,
      0.9094669546852734,
      0.28032825185444776,
      0.639677462348394,
      0.3898229369720598,
      0.09053304531472661
    ],
    [
      0.002377826487645507,
      9307,
      294688,
      22229,
      5699,
      0.9158600036755512,
      0.295123033992897,
      0.6202185792349727,
      0.3999398392849469,
      0.08413999632444874
    ],
    [
      0.0025085778906941414,
      8957,
      296926,
      19991,
      6049,
      0.9215480698836779,
      0.30941688544977203,
      0.5968945755031321,
      0.4075624516540019,
      0.07845193011632216
    ],
    [
      0.002639329293742776,
      8653,
      298894,
      18023,
      6353,
      0.9265612807789758,
      0.32437396911081123,
      0.576636012261762,
      0.4151912096348544,
      0.07343871922102416
    ],
    [
      0.0027700806967914104,
      8414,
      300484,
      16433,
      6592,
      0.9306315018844732,
      0.338632430474504,
      0.5607090497134479,
      0.42225177527413243,
      0.0693684981155268
    ],
    [
      0.002900832099840045,
      8131,
      301961,
      14956,
      6875,
      0.9342287217216041,
      0.352189543899164,
      0.5418499266959883,
      0.42690258052660596,
      0.06577127827839589
    ],
    [
      0.0030315835028886795,
      7848,
      303296,
      13621,
      7158,
      0.9373981314943526,
      0.36555032838045554,
      0.5229908036785286,
      0.4303221384509938,
      0.06260186850564739
    ],
    [
      0.003162334905937314,
      7588,
      304420,
      12497,
      7418,
      0.9400011448438342,
      0.3777943739108788,
      0.5056644009063042,
      0.4324755635348095,
      0.05999885515616574
    ],
    [
      0.0032930863089859486,
      7325,
      305443,
      11474,
      7681,
      0.9422908325123598,
      0.389648385552423,
      0.4881380781020925,
      0.4333678449933442,
      0.057709167487640205
    ],
    [
      0.003423837712034583,
      7097,
      306322,
      10595,
      7909,
      0.9442521307652678,
      0.4011417589871128,
      0.4729441556710649,
      0.4340938283687076,
      0.05574786923473215
    ],
    [
      0.0035545891150832176,
      6887,
      307178,
      9739,
      8119,
      0.9461983652835145,
      0.41423072296403224,
      0.45894975343196054,
      0.4354451188669702,
      0.05380163471648545
    ],
    [
      0.003685340518131852,
      6667,
      308030,
      8887,
      8339,
      0.9481024213447095,
      0.4286357207149286,
      0.4442889510862322,
      0.4363219895287958,
      0.05189757865529054
    ],
    [
      0.0038160919211804867,
      6429,
      308786,
      8131,
      8577,
      0.9496630242556255,
      0.4415521978021978,
      0.42842862854858055,
      0.43489142934451736,
      0.05033697574437445
    ],
    [
      0.0039468430913984776,
      6192,
      309387,
      7530,
      8814,
      0.950759664138972,
      0.45124617402710976,
      0.41263494602159134,
      0.43107769423558895,
      0.04924033586102801
    ],
    [
