{
  "model": "AdaBoostClassifier",
  "label_col": "label",
  "ada_params": {
    "n_estimators": 400,
    "learning_rate": 0.08,
    "random_state": 42
  },
  "base_estimator": {
    "type": "DecisionTreeClassifier",
    "max_depth": 2,
    "random_state": 42
  },
  "n_features": 12,
  "metrics": {
    "threshold": 0.85,
    "TP": 501,
    "TN": 407134,
    "FP": 0,
    "FN": 7417,
    "accuracy": 0.982129949982171,
    "precision": 1.0,
    "recall": 0.06327355392775953,
    "f1": 0.11901651027437939,
    "error_rate": 0.017870050017829042,
    "roc_auc": 0.9999999987591845,
    "pr_auc": 0.9999999362108623
  }
}