{
  "config": {
    "train_csv": "C:\\Users\\Melisa\\Desktop\\Enerji_QML\\data\\processed\\train_labeled_full.csv",
    "test_csv": "C:\\Users\\Melisa\\Desktop\\Enerji_QML\\data\\processed\\test_labeled_full.csv",
    "val_ratio_within_train": 0.2,
    "lookback": 60,
    "epochs": 20,
    "batch_size": 1024,
    "learning_rate": 0.001,
    "seed": 42,
    "shuffle_train_windows": true,
    "tcn": {
      "filters": 64,
      "kernel_size": 3,
      "dilations": [
        1,
        2,
        4,
        8,
        16
      ],
      "dropout": 0.2,
      "pool": "GlobalAveragePooling1D"
    }
  },
  "class_weight": {
    "0": 0.5336262150277721,
    "1": 7.9346755884813
  },
  "best_threshold_val_f1": 0.8500000000000001,
  "val_metrics": {
    "roc_auc": 0.9990318002366101,
    "pr_auc": 0.9836581274142651
  },
  "test_metrics": {
    "tp": 7358,
    "tn": 406767,
    "fp": 248,
    "fn": 560,
    "accuracy": 0.9980526976644422,
    "precision": 0.9673941625032869,
    "recall": 0.9292750694619853,
    "f1": 0.9479515588765782,
    "error_rate": 0.001947302335557789,
    "roc_auc": 0.999810496938608,
    "pr_auc": 0.9916173363139642
  },
  "threshold_scan_val": [
    [
      0.05,
      14955,
      309378,
      7539,
      51,
      0.9771332507840674,
      0.6648439583889038,
      0.9966013594562175,
      0.7976,
      0.02286674921593261
    ],
    [
      0.1,
      14925,
      310620,
      6297,
      81,
      0.9807847000659792,
      0.7032796154933559,
      0.9946021591363454,
      0.8239483272606823,
      0.01921529993402084
    ],
    [
      0.15000000000000002,
      14899,
      311375,
      5542,
      107,
      0.9829809925796043,
      0.7288782349200137,
      0.992869518859123,
      0.8406353146951787,
      0.017019007420395693
    ],
    [
      0.2,
      14872,
      311875,
      5042,
      134,
      0.9844060218785682,
      0.7468112885407251,
      0.9910702385712382,
      0.8517754868270332,
      0.015593978121431777
    ],
    [
      0.25,
      14847,
      312275,
      4642,
      159,
      0.9855358019781696,
      0.7618143568166658,
      0.9894042383046782,
      0.860820408754892,
      0.014464198021830365
    ],
    [
      0.3,
      14806,
      312603,
      4314,
      200,
      0.9864004603477312,
      0.7743723849372385,
      0.9866719978675197,
      0.8677254878977906,
      0.013599539652268748
    ],
    [
      0.35000000000000003,
      14769,
      312960,
      3957,
      237,
      0.9873645393660578,
      0.7886895225889138,
      0.9842063174730108,
      0.875667022411953,
      0.012635460633942209
    ],
    [
      0.4,
      14727,
      313288,
      3629,
      279,
      0.9882261849886871,
      0.8022989758117237,
      0.98140743702519,
      0.8828607397638031,
      0.011773815011312866
    ],
    [
      0.45,
      14687,
      313568,
      3349,
      319,
      0.988949244252432,
      0.8143158128188068,
      0.9787418365986938,
      0.8889897705950003,
      0.01105075574756796
    ],
    [
      0.5,
      14631,
      313845,
      3072,
      375,
      0.9896150613244638,
      0.8264700898152856,
      0.9750099960015993,
      0.8946161606897184,
      0.010384938675536194
    ],
    [
      0.55,
      14560,
      314137,
      2780,
      446,
      0.9902808783964956,
      0.839677047289504,
      0.9702785552445689,
      0.900265875224139,
      0.009719121603504428
    ],
    [
      0.6000000000000001,
      14491,
      314415,
      2502,
      515,
      0.99091054250534,
      0.8527629023715647,
      0.9656803945088631,
      0.9057158036188631,
      0.009089457494659905
    ],
    [
      0.6500000000000001,
      14418,
      314710,
      2207,
      588,
      0.9915793723243042,
      0.8672481203007519,
      0.9608156737305078,
      0.9116373178211249,
      0.008420627675695869
    ],
    [
      0.7000000000000001,
      14313,
      314993,
      1924,
      693,
      0.9921156412782483,
      0.8815052041633307,
      0.9538184726109556,
      0.9162372371411196,
      0.007884358721751732
    ],
    [
      0.7500000000000001,
      14178,
      315306,
      1611,
      828,
      0.9926519102321925,
      0.8979669390081703,
      0.9448220711715314,
      0.920798830979055,
      0.007348089767807594
    ],
    [
      0.8,
      13992,
      315650,
      1267,
      1014,
      0.9931279242474912,
      0.9169670358476965,
      0.9324270291883247,
      0.9246324136791674,
      0.006872075752508865
    ],
    [
      0.8500000000000001,
      13738,
      316010,
      907,
      1268,
      0.9934472754223118,
      0.9380675998634346,
      0.9155004664800747,
      0.9266466560992884,
      0.006552724577688199
    ],
    [
      0.9000000000000001,
      13329,
      316375,
      542,
      1677,
      0.9933147145572919,
      0.9609256722658784,
      0.8882447021191523,
      0.9231568376216366,
      0.006685285442708098
    ],
    [
      0.9500000000000001,
      12542,
      316739,
      178,
      2464,
      0.9920403226049415,
      0.9860062893081761,
      0.8357990137278422,
      0.904710380148597,
      0.007959677395058493
    ]
  ]
}