{
  "model": "HistGradientBoostingClassifier",
  "label_col": "label",
  "hgb_params": {
    "loss": "log_loss",
    "learning_rate": 0.08,
    "max_iter": 400,
    "max_leaf_nodes": 31,
    "min_samples_leaf": 50,
    "l2_regularization": 0.0,
    "early_stopping": false,
    "random_state": 42,
    "verbose": 0
  },
  "n_features": 12,
  "metrics": {
    "threshold": 0.85,
    "TP": 7916,
    "TN": 407130,
    "FP": 4,
    "FN": 2,
    "accuracy": 0.9999855439800314,
    "precision": 0.9994949494949495,
    "recall": 0.9997474109623642,
    "f1": 0.9996211642884203,
    "error_rate": 1.4456019968633882e-05,
    "roc_auc": 0.9999999606041159,
    "pr_auc": 0.9999979650271198
  }
}