column,invalid_count,invalid_ratio,min_rule,max_rule,p0_min,p50,p95,p99,p999,max,extreme_count_p999,extreme_ratio_p999
Global_active_power,0,0.0,0.0,,0.076,0.602,3.264,4.85,6.79,11.122,2048,0.0009868647720597766
Voltage,0,0.0,1.0,,223.2,241.01,245.94,248.27,250.63,254.15,2034,0.0009801186261570243
Global_reactive_power,0,0.0,0.0,,0.0,0.1,0.338,0.478,0.698,1.39,2029,0.0009777092883346127
Global_intensity,0,0.0,0.0,,0.2,2.6,13.8,20.6,29.0,48.4,2016,0.0009714450099963427
Sub_metering_2,0,0.0,0.0,,0.0,0.0,2.0,36.0,71.0,80.0,2007,0.0009671082019160018
Sub_metering_1,0,0.0,0.0,,0.0,0.0,1.0,38.0,44.0,88.0,1909,0.0009198851805967351
Sub_metering_3,0,0.0,0.0,,0.0,1.0,19.0,20.0,30.0,31.0,278,0.00013395918292608295
