,missing_count,missing_ratio,non_missing_count
Global_active_power,25979,0.012518437457686004,2049280
Global_reactive_power,25979,0.012518437457686004,2049280
Voltage,25979,0.012518437457686004,2049280
Global_intensity,25979,0.012518437457686004,2049280
Sub_metering_1,25979,0.012518437457686004,2049280
Sub_metering_2,25979,0.012518437457686004,2049280
Sub_metering_3,25979,0.012518437457686004,2049280
