{
  "config": {
    "train_csv": "C:\\Users\\Melisa\\Desktop\\Enerji_QML\\data\\processed\\train_labeled_full.csv",
    "test_csv": "C:\\Users\\Melisa\\Desktop\\Enerji_QML\\data\\processed\\test_labeled_full.csv",
    "val_ratio_within_train": 0.2,
    "model": "LinearSVC",
    "C": 1.0,
    "class_weight": "balanced",
    "max_iter": 20000,
    "max_train_samples": null,
    "threshold_scan": {
      "method": "linspace(percentile 1..99 of val scores)",
      "n_thresh": 60
    },
    "seed": 42
  },
  "best_threshold_val_f1": 0.5374286256981908,
  "val_metrics": {
    "roc_auc": 0.9111592162741257,
    "pr_auc": 0.41026321246786207
  },
  "test_metrics": {
    "tp": 4124,
    "tn": 393805,
    "fp": 13329,
    "fn": 3794,
    "accuracy": 0.9587449283463277,
    "precision": 0.23629175499914054,
    "recall": 0.5208385956049507,
    "f1": 0.3250955815695085,
    "error_rate": 0.04125507165367231,
    "roc_auc": 0.9262619143498911,
    "pr_auc": 0.3230953821134086
  },
  "threshold_scan_val": [
    [
      -1.093481062032153,
      15006,
      3321,
      313715,
      0,
      0.055194824751085704,
      0.045649654266079746,
      1.0,
      0.08731347842910217,
      0.9448051752489143
    ],
    [
      -1.050562386039249,
      15006,
      12160,
      304876,
      0,
      0.08181495112064137,
      0.04691104844911561,
      1.0,
      0.08961802154750245,
      0.9181850488793586
    ],
    [
      -1.0076437100463453,
      15006,
      20853,
      296183,
      0,
      0.10799537407918275,
      0.048221498831899585,
      1.0,
      0.09200631524088353,
      0.8920046259208172
    ],
    [
      -0.9647250340534416,
      15006,
      29447,
      287589,
      0,
      0.1338776419850501,
      0.049591037525405245,
      1.0,
      0.09449592413122125,
      0.86612235801495
    ],
    [
      -0.9218063580605378,
      15003,
      39884,
      277152,
      3,
      0.1653013775365767,
      0.05135287775324742,
      0.9998000799680128,
      0.09768818307011633,
      0.8346986224634233
    ],
    [
      -0.878887682067634,
      15000,
      50884,
      266152,
      6,
      0.1984206817209871,
      0.05335192351468245,
      0.9996001599360256,
      0.10129728050567602,
      0.8015793182790129
    ],
    [
      -0.8359690060747302,
      14993,
      67265,
      249771,
      13,
      0.24773372043295727,
      0.05662778927648774,
      0.9991336798613888,
      0.10718089859527469,
      0.7522662795670427
    ],
    [
      -0.7930503300818263,
      14991,
      84401,
      232635,
      15,
      0.2993356262159606,
      0.060538877177679244,
      0.999000399840064,
      0.1141597368180572,
      0.7006643737840393
    ],
    [
      -0.7501316540889227,
      14987,
      97352,
      219684,
      19,
      0.3383276814378904,
      0.06386387751362546,
      0.9987338397974144,
      0.12005110602898945,
      0.6616723185621096
    ],
    [
      -0.7072129780960188,
      14986,
      108355,
      208681,
      20,
      0.3714620439582944,
      0.0670013904599248,
      0.998667199786752,
      0.1255776732181688,
      0.6285379560417056
    ],
    [
      -0.6642943021031151,
      14982,
      117185,
      199851,
      24,
      0.3980430186542666,
      0.06973788943039477,
      0.9984006397441023,
      0.1303695195332385,
      0.6019569813457334
    ],
    [
      -0.6213756261102112,
      14972,
      127225,
      189811,
      34,
      0.42825004065750716,
      0.07311153757880293,
      0.9977342396374783,
      0.13623975722169898,
      0.5717499593424928
    ],
    [
      -0.5784569501173075,
      14961,
      140393,
      176643,
      45,
      0.4678745459911698,
      0.07808292102461327,
      0.997001199520192,
      0.144823580659213,
      0.5321254540088302
    ],
    [
      -0.5355382741244037,
      14932,
      155512,
      161524,
      74,
      0.5133206040199734,
      0.08462166205739674,
      0.9950686392109823,
      0.15597873207216054,
      0.48667939598002663
    ],
    [
      -0.4926195981314999,
      14876,
      171854,
      145182,
      130,
      0.5623686160184554,
      0.09294130877556886,
      0.9913367986138878,
      0.1699492756934607,
      0.4376313839815445
    ],
    [
      -0.44970092213859614,
      14788,
      185683,
      131353,
      218,
      0.6037519349961752,
      0.1011899466953148,
      0.9854724776755964,
      0.18353428856882226,
      0.3962480650038248
    ],
    [
      -0.40678224614569236,
      14671,
      197768,
      119268,
      335,
      0.6397955680305504,
      0.1095349375461964,
      0.9776755964280954,
      0.19699889220853334,
      0.3602044319694496
    ],
    [
      -0.3638635701527886,
      14549,
      208408,
      108628,
      457,
      0.6714722836267701,
      0.11811458307963338,
      0.9695455151272824,
      0.2105758306014488,
      0.3285277163732299
    ],
    [
      -0.3209448941598848,
      14354,
      217605,
      99431,
      652,
      0.6985833117497184,
      0.12615019554422816,
      0.9565507130481141,
      0.22290377433205735,
      0.3014166882502816
    ],
    [
      -0.27802621816698103,
      14008,
      226636,
      90400,
      998,
      0.7247396413706699,
      0.13416596429392383,
      0.9334932693589231,
      0.23461235701006583,
      0.27526035862933
    ],
    [
      -0.23510754217407726,
      13635,
      235134,
      81902,
      1371,
      0.749209437360334,
      0.1427195746150706,
      0.9086365453818472,
      0.2466913327845273,
      0.2507905626396661
    ],
    [
      -0.19218886618117348,
      13178,
      243711,
      73325,
      1828,
      0.7736641750140043,
      0.15234153728772412,
      0.8781820605091297,
      0.2596420021869982,
      0.22633582498599575
    ],
    [
      -0.1492701901882697,
      12577,
      251179,
      65857,
      2429,
      0.7943452936676686,
      0.16035137822882933,
      0.8381314141010262,
      0.26919948630136986,
      0.20565470633233146
    ],
    [
      -0.10635151419536593,
      12151,
      257448,
      59588,
      2855,
      0.8119424651098355,
      0.16937788371736434,
      0.8097427695588432,
      0.2801544757622918,
      0.1880575348901645
    ],
    [
      -0.06343283820246204,
      11876,
      263077,
      53959,
      3130,
      0.8280669312918245,
      0.18039036986405407,
      0.7914167666266827,
      0.2938113086181517,
      0.17193306870817548
    ],
    [
      -0.020514162209558373,
      11612,
      268140,
      48896,
      3394,
      0.8425199221785196,
      0.19190850796588882,
      0.7738238038118086,
      0.30754562067960906,
      0.1574800778214804
    ],
    [
      0.022404513783345514,
      11371,
      273068,
      43968,
      3635,
      0.8566356063389571,
      0.20547895697428575,
      0.7577635612421698,
      0.3232923448717037,
      0.1433643936610429
    ],
    [
      0.06532318977624918,
      11118,
      277116,
      39920,
      3888,
      0.8680648833581294,
      0.21783768956463812,
      0.7409036385445822,
      0.3366846344861002,
      0.1319351166418706
    ],
    [
      0.10824186576915307,
      10825,
      280567,
      36469,
      4181,
      0.877575728371712,
      0.22888738529200323,
      0.7213781154204985,
      0.3475120385232745,
      0.12242427162828799
    ],
    [
      0.15116054176205673,
      10550,
      283825,
      33211,
      4456,
      0.8865595316255173,
      0.24108224217910926,
      0.703052112488338,
      0.3590450422856365,
      0.11344046837448275
    ],
    [
      0.19407921775496062,
      10252,
      287026,
      30010,
      4754,
      0.8953024015034242,
      0.2546321593562168,
      0.6831933893109423,
      0.37099225591662444,
      0.10469759849657573
    ],
    [
      0.23699789374786429,
      9917,
      289911,
      27125,
      5089,
      0.9029821528601804,
      0.2677231251012364,
      0.6608689857390377,
