{
  "config": {
    "train_csv": "C:\\Users\\Melisa\\Desktop\\Enerji_QML\\data\\processed\\train_labeled_full.csv",
    "test_csv": "C:\\Users\\Melisa\\Desktop\\Enerji_QML\\data\\processed\\test_labeled_full.csv",
    "val_ratio_within_train": 0.2,
    "lookback": 60,
    "epochs": 20,
    "batch_size": 2048,
    "learning_rate": 0.001,
    "seed": 42,
    "shuffle_train_windows": true
  },
  "class_weight": {
    "0": 0.5336262150277721,
    "1": 7.9346755884813
  },
  "best_threshold_val_f1": 0.9000000000000001,
  "val_metrics": {
    "roc_auc": 0.9980852449086324,
    "pr_auc": 0.9778124398548297
  },
  "test_metrics": {
    "tp": 7620,
    "tn": 406661,
    "fp": 354,
    "fn": 298,
    "accuracy": 0.9984286619767528,
    "precision": 0.9556057185854026,
    "recall": 0.9623642333922707,
    "f1": 0.9589730682104204,
    "error_rate": 0.0015713380232471267,
    "roc_auc": 0.9998029099276143,
    "pr_auc": 0.9938315142419142
  },
  "threshold_scan_val": [
    [
      0.05,
      14893,
      300095,
      16822,
      113,
      0.9489791307020001,
      0.4695885227810184,
      0.9924696787951486,
      0.6375291624751183,
      0.05102086929799984
    ],
    [
      0.1,
      14857,
      304263,
      12654,
      149,
      0.9614278010261416,
      0.5400385300425284,
      0.9900706384113022,
      0.6988733918197427,
      0.03857219897385839
    ],
    [
      0.15000000000000002,
      14821,
      306457,
      10460,
      185,
      0.9679293089059812,
      0.5862505438867134,
      0.9876715980274556,
      0.7357708441929158,
      0.03207069109401879
    ],
    [
      0.2,
      14800,
      307988,
      8929,
      206,
      0.9724785567737095,
      0.6237093851405453,
      0.9862721578035453,
      0.7641667742351879,
      0.027521443226290434
    ],
    [
      0.25,
      14773,
      309127,
      7790,
      233,
      0.9758287313623943,
      0.6547444931968267,
      0.9844728775156604,
      0.7864462721924992,
      0.02417126863760571
    ],
    [
      0.3,
      14746,
      310072,
      6845,
      260,
      0.9785944330462185,
      0.6829697559168172,
      0.9826735972277756,
      0.8058584036942918,
      0.02140556695378145
    ],
    [
      0.35000000000000003,
      14716,
      310881,
      6036,
      290,
      0.9809413629064572,
      0.7091364687740941,
      0.9806743969079035,
      0.823088539627496,
      0.01905863709354278
    ],
    [
      0.4,
      14694,
      311606,
      5311,
      312,
      0.9830593239998433,
      0.7345163709072732,
      0.9792083166733306,
      0.8393933335237497,
      0.01694067600015666
    ],
    [
      0.45,
      14655,
      312212,
      4705,
      351,
      0.9847675515104407,
      0.7569731404958677,
      0.976609356257497,
      0.8528778443810743,
      0.015232448489559326
    ],
    [
      0.5,
      14615,
      312764,
      4153,
      391,
      0.9863100779397631,
      0.7787190963341859,
      0.9739437558310009,
      0.8654586368212235,
      0.013689922060236863
    ],
    [
      0.55,
      14565,
      313287,
      3630,
      441,
      0.987735107238727,
      0.8004946413849959,
      0.9706117552978808,
      0.8773832113490557,
      0.012264892761272945
    ],
    [
      0.6000000000000001,
      14508,
      313755,
      3162,
      498,
      0.9889733462278902,
      0.8210526315789474,
      0.9668132746901239,
      0.8879911861917004,
      0.011026653772109797
    ],
    [
      0.6500000000000001,
      14445,
      314196,
      2721,
      561,
      0.9901121645682884,
      0.841488989863684,
      0.9626149540183926,
      0.8979858261842596,
      0.009887835431711572
    ],
    [
      0.7000000000000001,
      14353,
      314630,
      2287,
      653,
      0.991142524019125,
      0.8625600961538461,
      0.9564840730374516,
      0.9070972634772168,
      0.008857475980875083
    ],
    [
      0.7500000000000001,
      14241,
      314996,
      1921,
      765,
      0.9919077617399216,
      0.8811409479024873,
      0.9490203918432627,
      0.9138218685831622,
      0.008092238260078391
    ],
    [
      0.8,
      14096,
      315393,
      1524,
      910,
      0.9926669739668538,
      0.9024327784891165,
      0.9393575902972144,
      0.9205250440801933,
      0.007333026033146242
    ],
    [
      0.8500000000000001,
      13888,
      315775,
      1142,
      1118,
      0.9931911919330688,
      0.924018629407851,
      0.9254964680794349,
      0.9247569583166867,
      0.006808808066931186
    ],
    [
      0.9000000000000001,
      13558,
      316181,
      736,
      1448,
      0.9934201606999213,
      0.9485098642787183,
      0.9035052645608423,
      0.9254607508532423,
      0.006579839300078633
    ],
    [
      0.9500000000000001,
      12934,
      316578,
      339,
      2072,
      0.9927362671462959,
      0.9744594289158443,
      0.8619218979075036,
      0.9147423883447081,
      0.007263732853704022
    ]
  ]
}