{
  "config": {
    "train_csv": "C:\\Users\\Melisa\\Desktop\\Enerji_QML\\data\\processed\\train_labeled_full.csv",
    "test_csv": "C:\\Users\\Melisa\\Desktop\\Enerji_QML\\data\\processed\\test_labeled_full.csv",
    "val_ratio_within_train": 0.2,
    "lookback": 60,
    "epochs": 20,
    "batch_size": 1024,
    "learning_rate": 0.001,
    "seed": 42,
    "shuffle_train_windows": true,
    "cnn1d": {
      "conv1": {
        "filters": 64,
        "kernel_size": 5
      },
      "conv2": {
        "filters": 64,
        "kernel_size": 5
      },
      "pool": {
        "type": "MaxPooling1D",
        "pool_size": 2
      },
      "conv3": {
        "filters": 128,
        "kernel_size": 3
      },
      "head": {
        "dense": 64
      },
      "dropout": 0.2
    }
  },
  "class_weight": {
    "0": 0.5336262150277721,
    "1": 7.9346755884813
  },
  "best_threshold_val_f1": 0.9000000000000001,
  "val_metrics": {
    "roc_auc": 0.9992824614228203,
    "pr_auc": 0.9875663679647215
  },
  "test_metrics": {
    "tp": 7472,
    "tn": 406862,
    "fp": 153,
    "fn": 446,
    "accuracy": 0.9985563934418328,
    "precision": 0.9799344262295082,
    "recall": 0.943672644607224,
    "f1": 0.9614617512706685,
    "error_rate": 0.0014436065581672221,
    "roc_auc": 0.9999119548644866,
    "pr_auc": 0.9962369914015439
  },
  "threshold_scan_val": [
    [
      0.05,
      14987,
      307943,
      8974,
      19,
      0.972906366838092,
      0.6254747297692083,
      0.9987338397974144,
      0.7692149767752201,
      0.027093633161908035
    ],
    [
      0.1,
      14981,
      309799,
      7118,
      25,
      0.9784799486627923,
      0.6779039775555455,
      0.99833399973344,
      0.8074922517180972,
      0.021520051337207725
    ],
    [
      0.15000000000000002,
      14977,
      310798,
      6119,
      29,
      0.9814776318604014,
      0.7099450132726584,
      0.9980674396907904,
      0.8297047254999723,
      0.018522368139598643
    ],
    [
      0.2,
      14971,
      311418,
      5499,
      35,
      0.9833274584768154,
      0.7313629702002931,
      0.997667599626816,
      0.844007216146127,
      0.016672541523184595
    ],
    [
      0.25,
      14961,
      311881,
      5036,
      45,
      0.9846922328371339,
      0.7481622243336501,
      0.997001199520192,
      0.8548410136274034,
      0.015307767162866087
    ],
    [
      0.3,
      14955,
      312259,
      4658,
      51,
      0.9858129746959385,
      0.762504461326671,
      0.9966013594562175,
      0.8639764291285132,
      0.014187025304061485
    ],
    [
      0.35000000000000003,
      14943,
      312625,
      4292,
      63,
      0.9868794871099622,
      0.7768650896802703,
      0.9958016793282687,
      0.8728132940042639,
      0.01312051289003775
    ],
    [
      0.4,
      14931,
      312958,
      3959,
      75,
      0.9878465788752211,
      0.7904182106934886,
      0.9950019992003198,
      0.8809889072456927,
      0.01215342112477894
    ],
    [
      0.45,
      14915,
      313259,
      3658,
      91,
      0.9887052117509182,
      0.8030474344478544,
      0.9939357590297214,
      0.8883528395723518,
      0.011294788249081865
    ],
    [
      0.5,
      14896,
      313565,
      3352,
      110,
      0.9895698701204797,
      0.816308636562911,
      0.9926695988271358,
      0.8958922234919108,
      0.01043012987952025
    ],
    [
      0.55,
      14865,
      313878,
      3039,
      141,
      0.99041946475538,
      0.8302613941018767,
      0.9906037584966013,
      0.9033728350045579,
      0.009580535244619987
    ],
    [
      0.6000000000000001,
      14815,
      314157,
      2760,
      191,
      0.99110938380287,
      0.8429587482219061,
      0.9872717579634813,
      0.9094257389275958,
      0.008890616197130058
    ],
    [
      0.6500000000000001,
      14747,
      314439,
      2478,
      259,
      0.9917541116463758,
      0.8561393323657475,
      0.982740237238438,
      0.9150817535912631,
      0.008245888353624184
    ],
    [
      0.7000000000000001,
      14645,
      314725,
      2192,
      361,
      0.9923084570819136,
      0.8698105363188217,
      0.975942956150873,
      0.9198253933360551,
      0.007691542918086424
    ],
    [
      0.7500000000000001,
      14525,
      315006,
      1911,
      481,
      0.9927935093380091,
      0.8837308347529813,
      0.9679461548713848,
      0.9239234145410598,
      0.007206490661990883
    ],
    [
      0.8,
      14352,
      315360,
      1557,
      654,
      0.99333881653275,
      0.9021308693192532,
      0.9564174330267893,
      0.9284813197476953,
      0.006661183467249934
    ],
    [
      0.8500000000000001,
      14128,
      315743,
      1174,
      878,
      0.993817843294981,
      0.9232780028754412,
      0.9414900706384113,
      0.9322951036030092,
      0.006182156705018935
    ],
    [
      0.9000000000000001,
      13792,
      316154,
      763,
      1214,
      0.9940437993149014,
      0.9475781518378564,
      0.9190990270558443,
      0.9331213423091235,
      0.005956200685098652
    ],
    [
      0.9500000000000001,
      13099,
      316577,
      340,
      1907,
      0.9932303576431883,
      0.9747004985489992,
      0.8729174996668,
      0.9210054491123221,
      0.00676964235681167
    ]
  ]
}